{
  "squares": [
    {
      "x": 600,
      "y": 500,
      "h": 15,
      "w": 15,
      "color": "#F0F0FF"
    },
    {
      "x": 200,
      "y": 200,
      "h": 5,
      "w": 5,
      "color": "#FF00FF"
    },
    {
      "x": 375,
      "y": 375,
      "h": 25,
      "w": 25,
      "color": "#00FFFF"
    },
    {
      "x": 475,
      "y": 175,
      "h": 50,
      "w": 50,
      "color": "#AABBFF"
    }
  ],
  
    "circles": [
      {
        "x": 450,
        "y": 495,
        "r": 15,
        "color": "#F0F0FF"
      },
      {
        "x": 275,
        "y": 100,
        "r": 5,
        "color": "#FF00FF"
      },
      {
        "x": 425,
        "y": 330,
        "r": 25,
        "color": "#00FFFF"
      },
      {
        "x": 100,
        "y": 165,
        "r": 50,
        "color": "#AABBFF"
      }
    ]
  }